CAA,CAE
06/03/2025,23/09/2025
07/03/2025,24/09/2025
10/03/2025,25/09/2025
11/03/2025,26/09/2025
12/03/2025,26/09/2025
13/03/2025,26/09/2025
14/03/2025,29/09/2025
17/03/2025,29/09/2025
18/03/2025,03/10/2025
19/03/2025,07/10/2025
20/03/2025,09/10/2025
21/03/2025,09/10/2025
24/03/2025,14/10/2025
25/03/2025,14/10/2025
26/03/2025,16/10/2025
27/03/2025,20/10/2025
28/03/2025,22/10/2025
31/03/2025,23/10/2025
01/04/2025,27/10/2025
02/04/2025,28/10/2025
03/04/2025,29/10/2025
04/04/2025,31/10/2025
07/04/2025,04/11/2025
08/04/2025,05/11/2025
09/04/2025,06/11/2025
10/04/2025,07/11/2025
11/04/2025,12/11/2025
14/04/2025,13/11/2025
15/04/2025,17/11/2025
16/04/2025,18/11/2025
16/04/2025,26/10/2025
17/04/2025,20/11/2025
18/04/2025,20/11/2025
22/04/2025,25/11/2025
23/04/2025,27/11/2025
23/04/2025,03/12/2025
24/04/2025,02/12/2025
25/04/2025,06/01/2026
28/04/2025,06/01/2026
29/04/2025,15/01/2026
30/04/2025,22/01/2026
02/05/2025,27/01/2026
05/05/2025,27/01/2026
06/05/2025,28/01/2026
07/05/2025,29/01/2026
09/05/2025,03/02/2026
12/05/2025,09/02/2026
13/05/2025,09/02/2026
13/05/2025,11/02/2026
14/05/2025,11/02/2026
15/05/2025,11/02/2026
16/05/2025,12/02/2026
19/05/2025,12/02/2026
19/05/2025,13/02/2026
